Department,SLA_Met,Total_Requests,SLA_Compliance_Pct
IT,754,2460,30.650406504065042
HR,883,2615,33.766730401529635
Finance,838,2491,33.641107988759536
Operations,847,2434,34.798685291700906
