Priority,Avg_Processing_Time,Min_Processing_Time,Max_Processing_Time
High,138.61390887290167,-1.0,499.0
Medium,139.41850490196077,-1.0,500.0
Low,141.00735294117646,-1.0,500.0
