Week,Avg_Processing_Time
27,143.2036316472114
23,137.84303579128934
26,139.64522998296422
25,136.85073977371627
24,143.3149293286219
