Priority,SLA_Met,Total_Requests,SLA_Compliance_Pct
High,1106,3336,33.15347721822542
Medium,1072,3264,32.84313725490196
Low,1144,3400,33.64705882352941
